course_id,course_name,department,classroom_id,room_capacity,enrolled_students,day,start_time,end_time,timeslot_id
1,Expanded web-enabled core,Chemistry,17,37,595,Wednesday,10:00,18:00,69
2,Cross-group tertiary algorithm,Mechanical Engineering,16,46,582,Monday,15:00,16:00,4
3,Synergized secondary throughput,Healthcare Informatics,29,36,610,Friday,11:00,15:00,9
4,Object-based impactful groupware,Mathematics,25,29,638,Thursday,10:00,13:00,8
5,Visionary leadingedge alliance,Engineering,3,46,670,Wednesday,10:00,18:00,69
6,Programmable secondary pricing structure,Healthcare Informatics,23,21,607,Monday,11:00,17:00,50
7,Cross-platform national adapter,Business Administration,18,23,572,Monday,14:00,17:00,55
8,Organized background forecast,Business Administration,21,24,610,Friday,12:00,13:00,2
9,De-engineered optimizing complexity,Mechanical Engineering,23,21,595,Wednesday,08:00,11:00,82
10,Diverse zero-defect protocol,Chemistry,10,42,635,Tuesday,10:00,12:00,48
11,Business-focused executive encryption,Healthcare Informatics,11,24,621,Thursday,17:00,18:00,30
12,Focused leadingedge task-force,Media Technology,30,45,622,Friday,10:00,14:00,54
13,Secured secondary Graphical User Interface,Physics,21,24,621,Wednesday,13:00,17:00,29
14,Function-based multimedia pricing structure,Management,20,26,638,Monday,12:00,15:00,68
15,Adaptive foreground protocol,Chemistry,25,29,614,Thursday,09:00,16:00,36
16,De-engineered systematic pricing structure,Computer Science,7,43,646,Friday,09:00,17:00,60
17,Pre-emptive methodical superstructure,Physics,15,40,582,Wednesday,10:00,18:00,69
18,Re-contextualized web-enabled process improvement,Computer Science,19,36,582,Monday,09:00,13:00,43
19,User-centric maximized firmware,Chemistry,23,21,606,Friday,13:00,18:00,75
20,Mandatory impactful artificial intelligence,Media Technology,22,38,622,Thursday,11:00,14:00,51
21,Advanced maximized productivity,Healthcare Informatics,20,26,618,Tuesday,11:00,16:00,12
22,User-friendly global neural-net,Chemistry,3,46,641,Wednesday,14:00,16:00,47
